{"cameraMode":{"drawMode":0,"name":"Shaded","section":"Shading Mode"},"sceneLighting":true,"audioPlay":false,"sceneViewState":{"m_AlwaysRefresh":false,"showFog":true,"showSkybox":true,"showFlares":true,"showImageEffects":true,"showParticleSystems":true,"showVisualEffectGraphs":true,"m_FxEnabled":true},"in2DMode":false,"pivot":{"x":0.058775901794433597,"y":0.8180232048034668,"z":0.923243522644043},"rotation":{"x":0.06844843924045563,"y":-0.9164587259292603,"z":0.35157591104507449,"w":0.1784338355064392},"size":9.282793045043946,"orthographic":false}